idChat,Es un Grupo,ChatNombre,Mensaje,Escritor,Mensaje/Hora  yyyy-MM-dd hh:mm
1,TRUE,Gaming house,"Chicos hoy voy a hacer las compras para la semana, necesitan algo?",E,2020-05-24 14:24
1,TRUE,Gaming house,Comprate unas birras para el finde ü•≥ü•≥,G,2020-05-24 14:31
1,TRUE,Gaming house,"Si, de una",A,2020-05-24 14:33
1,TRUE,Gaming house,Unos energizantes que ya se me acabaron D:,D,2020-05-24 14:34
1,TRUE,Gaming house,Dale,E,2020-05-24 14:37
1,TRUE,Gaming house,Sale jodita este finde?,G,2020-05-29 20:42
1,TRUE,Gaming house,Nos vendr√≠a bien para despejar gentuza,A,2020-05-29 20:44
1,TRUE,Gaming house,"Esaaa rey, copensee",G,2020-05-29 20:45
1,TRUE,Gaming house,"Yo no chicos, tengo que hacer varias cosas",E,2020-05-29 20:52
1,TRUE,Gaming house,"No puedo, estoy con un parcial estos d√≠as :C",H,2020-05-29 20:57
1,TRUE,Gaming house,Paso,B,2020-05-29 20:42
1,TRUE,Gaming house,"Bue, dale no se ortiben",C,2020-05-29 21:10
1,TRUE,Gaming house,Yo les confirmo despu√©s chicos,F,2020-05-29 21:22
1,TRUE,Gaming house,"El finde pensaba usarlo para entrenar un toque y ver alguna serie, creo que paso esta vez",D,2020-05-29 21:29
1,TRUE,Gaming house,"Dale antes se re prendian, andan re antis man",G,2020-05-29 21:30
1,TRUE,Gaming house,A comerrrrr,E,2020-06-01 20:27
1,TRUE,Gaming house,"Yo estoy terminando de cursar, ceno m√°s tarde",H,2020-06-01 20:29
1,TRUE,Gaming house,Yen2,B,2020-06-01 20:29
1,TRUE,Gaming house,"Che Kevin, reci√©n recib√≠ un paquete tuyo",H,2020-06-01 21:52
1,TRUE,Gaming house,Te lo dejo en la entrada,H,2020-06-01 21:52
1,TRUE,Gaming house,"Ah grax, en un toque lo busco",D,2020-06-01 21:53
2,TRUE,Happy Lions,"Che voy a estar jugando unas partidas en stream, alguno se prende en unas flex?",D,2020-05-23 21:31
2,TRUE,Happy Lions,"Estaba jugando soloQ, pero me copo",C,2020-05-23 21:34
2,TRUE,Happy Lions,"De una, ah√≠ entro",E,2020-05-23 21:36
2,TRUE,Happy Lions,Yo tengo que entrenar,A,2020-05-23 21:39
2,TRUE,Happy Lions,ATR,B,2020-05-23 21:42
2,TRUE,Happy Lions,Alta play,B,2020-05-23 23:13
2,TRUE,Happy Lions,Http//www.tuvideo.com.ar//?gaming0274098/fgh/partida ,B,2020-05-23 23:13
2,TRUE,Happy Lions,Ah no!! lo que juega!,D,2020-05-23 23:27
2,TRUE,Happy Lions,Salen esas?,D,2020-05-23 18:50
2,TRUE,Happy Lions,De una perro ,B,2020-05-24 18:56
2,TRUE,Happy Lions,Ya estoy en directo si se quieren ir metiendo,D,2020-05-24 19:03
2,TRUE,Happy Lions,Dale aguantame 5,C,2020-05-24 19:05
2,TRUE,Happy Lions,Yaaa vooooy,E,2020-05-24 19:06
2,TRUE,Happy Lions,Me hablaron del torneo de BOW que se hacia en verano,A,2020-05-25 11:23
2,TRUE,Happy Lions,"Estan tratando de hacerlo todo online, nos garpan la red de ese split",A,2020-05-25 11:23
2,TRUE,Happy Lions,Y nos mandan alg√∫n equipo si nos hace falta,A,2020-05-25 11:24
2,TRUE,Happy Lions,"Ah, que bueno que se hace igual",C,2020-05-25 11:26
2,TRUE,Happy Lions,Si les pido una 3090 decis que me la mandan? :P,B,2020-05-25 11:29
2,TRUE,Happy Lions,Aguantiia jaja,A,2020-05-25 11:32
2,TRUE,Happy Lions,Vamooo estoy re manija amigo ,D,2020-05-25 11:36
2,TRUE,Happy Lions,üëç,E,2020-05-25 11:36
2,TRUE,Happy Lions,Tengo un par de ofertas de patrocinadores que estan re piolas,A,2020-05-25 15:19
2,TRUE,Happy Lions,Ma√±ana cuando nos juntamos para jugar les muestro las propuestas,A,2020-05-25 15:19
2,TRUE,Happy Lions,üòâ,C,2020-05-25 15:23
2,TRUE,Happy Lions,De una,E,2020-05-25 15:26
2,TRUE,Happy Lions,"Voy a estar hablando de la nueva season, alguien me hace la segunda? ",D,2020-06-01 21:30
2,TRUE,Happy Lions,"Estoy en el sum, capaz mas tarde voy",C,2020-06-01 21:32
2,TRUE,Happy Lions,Yo la verdad que no tengo ganas :C ,A,2020-06-01 21:35
3,FALSE,Abril,"Che estuve pensando y ya fue, no quiero armar quilombo",H,2020-05-21 20:41
3,FALSE,Abril,Pero c√≥mo?,B,2020-05-21 20:42
3,FALSE,Abril,Y todo lo que dijimos de ir a la polic√≠a?,B,2020-05-21 20:43
3,FALSE,Abril,"No quiero, cambi√© de idea. Calmate vos",H,2020-05-21 20:43
3,FALSE,Abril,Ven√≠s a la pileta?,B,2020-05-27 16:23
3,FALSE,Abril,"No, no. Estoy con muchas cosas para hacer de la facu",H,2020-05-27 16:25
3,FALSE,Abril,"Uh, que paja",B,2020-05-27 16:25
3,FALSE,Abril,Nos vamos a la mierda de ac√°,B,2020-05-30 15:31
3,FALSE,Abril,Che pero qu√© va a pasar con el equipo? No quiero que te quedes sin laburo,H,2020-05-30 15:33
3,FALSE,Abril,Vos no te preocupes tengo un mont√≥n de ofertas para otros trabajos,B,2020-05-30 15:34
3,FALSE,Abril,And√° preparando las cosas,B,2020-05-31 15:52
3,FALSE,Abril,Yo en un rato subo,B,2020-05-31 15:53
3,FALSE,Abril ,Oki,H,2020-05-31 15:56
3,FALSE,Abril ,Che abril necesito tu compu un rato ,B,2020-06-01 19:32
3,FALSE,Abril,Para qu√©? Si ten√©s tu compu,H,2020-06-01 20:15
3,FALSE,Abril,"Si, pero reci√©n me acord√© que ten√≠a tu mail como correo de recuperaci√≥n de mi cuenta 
",B,2020-06-01 20:16
3,FALSE,Abril,Cu√°l es la contrase√±a?,B,2020-06-01 20:16
3,FALSE,Abril,Es el cumple de Celeste,H,2020-06-01 20:25
3,FALSE,Abril,Gracias,B,2020-06-01 20:27
4,FALSE,Ezequiel,Che eze como va?,B,2020-05-21 16:21
4,FALSE,Ezequiel,Estaba viendo que tengo que llenar un formulario sobre los Estados Contables actuales pero no entiendo nada,B,2020-05-18 16:22
4,FALSE,Ezequiel,Me das una mano?,B,2020-05-18 16:22
4,FALSE,Ezequiel,"Hola, dale dale",E,2020-05-18 16:25
4,FALSE,Ezequiel,Ahora lo vemos,E,2020-05-18 16:25
4,FALSE,Ezequiel,Qu√© ondaa? ,B,2020-05-20 19:03
4,FALSE,Ezequiel,Piola ac√° terminando de ver una peli vos?,E,2020-05-20 19:04
4,FALSE,Ezequiel,Aca estaba peleando con una pagina que me dice que tengo que validar un pago desde mi cuenta pero no veo la opcion,B,2020-05-20 19:07
4,FALSE,Ezequiel,Uh bueno si queres termino y voy a ver c√≥mo lo hacemos,E,2020-05-20 19:11
4,FALSE,Ezequiel,"Ah bueno, igual si estas ocupado hacelo vos cuando tengas tiempo ",B,2020-05-20 19:12
4,FALSE,Ezequiel,Total vos tenes mis datos ,B,2020-05-20 19:12
4,FALSE,Ezequiel,"Sisi, dale despu√©s lo hago entonces",E,2020-05-20 19:15
4,FALSE,Ezequiel,Che eze qu√© vas a cocinar?,B,2020-05-26 18:57
4,FALSE,Ezequiel,Unas milangas con fritas,E,2020-05-26 19:02
4,FALSE,Ezequiel,Por?,E,2020-05-26 19:02
4,FALSE,Ezequiel,Ah que garr√≥n,B,2020-05-26 19:08
4,FALSE,Ezequiel,"Como que un garron, la milanesa es lo m√°s rico que hay gil ",E,2020-05-26 19:11
4,FALSE,Ezequiel,Jajaj bueno pero para variar un poco la m√≠a puede ser a caballo?,B,2020-05-26 19:13
4,FALSE,Ezequiel,Bueno dale,E,2020-05-26 19:15
4,FALSE,Ezequiel,Che eze si vas a comprar me podes traer una gaseosa y unos chocolates?,B,2020-06-01 18:55
4,FALSE,Ezequiel,"Dale, justo iba a comprar algo para cocinar",E,2020-06-01 18:58
4,FALSE,Ezequiel,üëç,E,2020-06-01 18:58
5,FALSE,Seguros Aleluya,"Hola, buen d√≠a",B,2020-06-01 10:17
5,FALSE,Seguros Aleluya,"Hola, usted se ha comunicado con seguros Aleluya.",Seguros Aleluya,2020-06-01 10:17
5,FALSE,Seguros Aleluya,Ingrese su n√∫mero de matr√≠cula o p√≥liza para continuar,Seguros Aleluya,2020-06-01 10:17
5,FALSE,Seguros Aleluya,234 tys 246‚Ä¶,B,2020-06-01 10:20
5,FALSE,Seguros Aleluya,Hola LEONEL. Gracias por comunicarte.,Seguros Aleluya,2020-06-01 10:20
5,FALSE,Seguros Aleluya,"Para servicio de auxilio responda ‚Äú1‚Äù, para atenci√≥n al cliente ‚Äú2‚Äù, denuncia de siniestro ‚Äú3‚Äù,  env√≠o de p√≥liza digital responda  ‚Äú4‚Äù.",Seguros Aleluya,2020-06-01 10:20
5,FALSE,Seguros Aleluya,1,B,2020-06-01 10:25
5,FALSE,Seguros Aleluya,"Nos damos cuenta que requiere nuestro servicio de auxilio, ya mismo podemos enviarle una unidad. Para pedir una moto con repuesto de bater√≠a responda ‚Äú1‚Äù o si requiere una gr√∫a de remolque responda ‚Äú2‚Äù.",Seguros Aleluya,2020-06-01 10:25
5,FALSE,Seguros Aleluya,2,B,2020-06-01 10:28
5,FALSE,Seguros Aleluya,"Perfecto LEONEL, ya mismo un operador estar√° comunic√°ndose con usted para coordinar el punto de encuentro. Muchas gracias.",Seguros Aleluya,2020-06-01 10:28
6,FALSE,Ale due√±o,Hola! Me gusto mucho el departamento. Te hago unas √∫ltimas consultas y si est√° todo okey ya te reservamos. El depto lo dej√°s amueblado no?,B,2020-05-19 10:27
6,FALSE,Ale due√±o,"¬øC√≥mo est√°s? S√≠, est√° amueblado pero puedo entregartelo vac√≠o si preferis y te rebajo 5000",Ale due√±o,2020-05-19 11:18
6,FALSE,Ale due√±o,"Nono, amueblado nos viene re bien",B,2020-05-19 11:34
6,FALSE,Ale due√±o,"Buenos d√≠as, quer√≠a confirmar al final a qu√© hora firmamos el s√°bado y cu√°ndo pod√≠amos empezar con la mudanza",B,2020-05-20 16:45
6,FALSE,Ale due√±o,"Hola como estas Leonel, esta semana voy a estar terminando unos arreglos pero ya el primero del mes que viene podemos firmar el contrato y te podes mudar el mismo dia",Ale due√±o,2020-05-20 16:52
6,FALSE,Ale due√±o,Genial ,B,2020-05-20 16:55
6,FALSE,Ale due√±o,"Bueno, el 1ero a las 11 hs firmamos",Ale due√±o,2020-05-20 17:02
6,FALSE,Ale due√±o,"üëçS√≠, ah√≠ estaremos. Nos vemos",B,2020-05-20 17:06
6,FALSE,Ale due√±o,"Buenos d√≠as Alejandro, no estoy pudiendo entrar a mi mail. Cualquier cosa escribime al mail de mi hermana abrilAlvi@servicemail.com",B,2020-05-24 19:23
6,FALSE,Ale due√±o,Bueno ah√≠ lo anoto por las dudas,Ale due√±o,2020-05-24 19:31
6,FALSE,Ale due√±o,"Uh disculpame pero no voy a poder reunirme hoy, tuve un problema con el auto. No llego al horario, habr√° forma de posponerlo unos d√≠as?",B,2020-06-01 10:00
6,FALSE,Ale due√±o,"Bueno, dale no te preocupes. Avisame cuando resuelvas el tema y volvemos a coordinar",Ale due√±o,2020-06-01 10:04
6,FALSE,Ale due√±o,üëç üëç üëç,B,2020-06-01 10:05
7,FALSE,El Adrian Nu√±ez,Que onda loco? Te lleg√≥ mi mail?,El Adrian Nu√±ez,2020-05-30 18:27
7,FALSE,El Adrian Nu√±ez,"Hola che, sabes que me hackearon y no puedo abrir los correos",B,2020-05-30 18:34
7,FALSE,El Adrian Nu√±ez,"Ahhh, no pasa nada. No sab√≠a si lo hab√≠as recibido. Era para invitarte al reencuentro de todos los a√±os",El Adrian Nu√±ez,2020-05-30 18:42
7,FALSE,El Adrian Nu√±ez,Pero por la compu este a√±o,El Adrian Nu√±ez,2020-05-30 18:43
7,FALSE,El Adrian Nu√±ez,"Uh estoy con muchas cosas, no creo que pueda este a√±o",B,2020-05-30 19:02
7,FALSE,El Adrian Nu√±ez,"Dale copate, mir√° que es reci√©n el 13 del mes pr√≥ximo eh. Capaz para ese momento ya est√°s m√°s libre",El Adrian Nu√±ez,2020-05-30 19:05
8,FALSE,Joaquina,Che sabes donde puede estar mi skate?,C,2020-05-27 14:21
8,FALSE,Joaquina,No lo encuentro por ning√∫n lado,C,2020-05-27 14:21
8,FALSE,Joaquina,Fijate en el garage,B,2020-05-27 14:24
8,FALSE,Joaquina,"Listo, graciass üëç",C,2020-05-27 14:27
8,FALSE,Joaquina,Sabes lo que pas√≥ y lo segu√≠s defendiendo?,B,2020-05-30 14:48
8,FALSE,Joaquina,Sos una hip√≥crita,B,2020-05-30 14:59
8,FALSE,Joaquina,"Yo soy la hip√≥crita? A esa no le creo nada, es una mentirosa",C,2020-05-30 15:15
8,FALSE,Joaquina,Es un peligro que ande suelto ese tipo,B,2020-05-30 15:17
8,FALSE,Joaquina,Ya lo vamos a agarrar,B,2020-05-30 15:17
8,FALSE,Joaquina,Como no te animas a irte del grupo invent√°s cualquier excusa,C,2020-05-30 15:26
8,FALSE,Joaquina,Sos un cag√≥n,C,2020-05-30 15:27
8,FALSE,Joaquina,Mauro es el cag√≥n ac√°,B,2020-05-30 15:30
8,FALSE,Joaquina,"Lo lamento por vos, ya te vas a dar cuenta",C,2020-05-30 14:27
9,FALSE,Sandra,C√≥mo va la mudanza de mis peque√±os?,Sandra,2020-05-29 20:19
9,FALSE,Sandra,"Bien, ya pusimos fecha y est√° todo listo",B,2020-05-29 20:32
9,FALSE,Sandra,¬°Qu√© bueno! Espero poder conocerlo pronto. Cuando est√©n instalados me avisan,Sandra,2020-05-29 20:33
9,FALSE,Sandra,"Si m√°, cuando estemos en el depto nuevo te mando fotos",B,2020-05-29 20:38
9,FALSE,Sandra,ü§óü§óü§ó,Sandra,2020-05-29 20:39
10,FALSE,Kevin,Escuchate este temaiquennn,D,2020-05-19 19:52
10,FALSE,Kevin,https:www.tuvideo.com/buenamusikita?.com.drfk//umY,D,2020-05-19 19:52
10,FALSE,Kevin,Jajaj,B,2020-05-19 19:58
10,FALSE,Kevin,Tremendo,B,2020-05-19 19:58
10,FALSE,Kevin,"Che Leo, ten√©s que jugar el nuevo champion esta season",D,2020-05-22 14:36
10,FALSE,Kevin,El otro d√≠a lo prob√© y est√° roto podr√≠as practicarlo en las scrims,D,2020-05-22 14:37
10,FALSE,Kevin,"Ehh, puede ser, la verdad estoy viendo porque no estoy muy c√≥modo y ahora no tengo ganas de pensar en las scrims",B,2020-05-22 14:56
10,FALSE,Kevin,Veremos qu√© pasa..,B,2020-05-22 14:56
10,FALSE,Kevin,"What, qu√© pasa con qu√©?",D,2020-05-22 15:01
10,FALSE,Kevin,La verdad que no me siento c√≥modo con el equipo,B,2020-05-22 15:06
10,FALSE,Kevin,"Che pero estamos jugando re bien, somos god",D,2020-05-22 15:13
10,FALSE,Kevin,"Jaja no, no es por eso",B,2020-05-22 15:14
10,FALSE,Kevin,Es algo m√°s personal,B,2020-05-22 15:14
10,FALSE,Kevin,Que pas√≥ arrugaste ? :P ,D,2020-05-22 15:17
10,FALSE,Kevin,No te vas a ir no?,D,2020-05-22 15:18
10,FALSE,Kevin,"No se, no est√° nada definido",B,2020-05-22 15:21
10,FALSE,Kevin,Tengo que ver c√≥mo sigue todo,B,2020-05-22 15:21
10,FALSE,Kevin,D:,D,2020-05-22 15:25
11,FALSE,German,Che Ger te comento que con Abril y ya conseguimos un depto y el 1 nos vamos,B,2020-05-20 15:34
11,FALSE,German,"Ehhh no mannn, tan r√°pido? no lo pensaste mejor?",A,2020-05-20 15:35
11,FALSE,German,"No, vos ya sabes por qu√© nos vamos. No se aguanta m√°s la situaci√≥n ac√°",B,2020-05-20 15:37
11,FALSE,German,Pero segu√≠s en el equipo no?,A,2020-05-20 15:41
11,FALSE,German,"Y mir√° no creo, tengo algunas opciones",B,2020-05-20 15:42
11,FALSE,German,"Justo en esta semana me ten√≠an que llegar unos mails importantes y no puedo entrar a mi cuenta, me quiero matar",B,2020-05-20 15:42
11,FALSE,German,"Uh que mal bro, pero mir√° que la cosa est√° dif√≠cil eh. Ac√° siempre vas a ser bienvenido",A,2020-05-20 15:43
11,FALSE,German,"Bueno, gracias Ger üí™",B,2020-05-20 15:47
12,TRUE,GRUPO FOBAL ,Che al final jugamos o se cancela?,Diego,2020-03-18 14:28
12,TRUE,GRUPO FOBAL ,Va a estar todo cerrado,B,2020-03-18 14:33
12,TRUE,GRUPO FOBAL ,Igual nos faltaban 2,Santi,2020-03-18 14:34
12,TRUE,GRUPO FOBAL ,Uh que baj√≥n,Ana,2020-03-18 14:39
12,TRUE,GRUPO FOBAL ,"No, olvidense esto va a durar como dos meses",A,2020-03-18 14:41
12,TRUE,GRUPO FOBAL ,Como m√≠nimo,B,2020-03-18 14:42
12,TRUE,GRUPO FOBAL ,Aislamiento total a partir del 20 muchaches,A,2020-03-18 14:45
12,TRUE,GRUPO FOBAL ,Lo van a anunciar en estos d√≠as seguro,Ana,2020-03-18 14:47
12,TRUE,GRUPO FOBAL ,Y como anda todo por ac√°? Movidito no?,Santi,2020-04-03 19:21
12,TRUE,GRUPO FOBAL ,"Bien bien, paciencia üí™",Ana,2020-04-03 19:23
12,TRUE,GRUPO FOBAL ,Ya me estoy oxidando,Diego,2020-04-03 19:27
12,TRUE,GRUPO FOBAL ,Jajajajs,A,2020-04-03 19:28
12,TRUE,GRUPO FOBAL ,JAJA,Nacho,2020-04-03 19:30
13,FALSE,Joaquina,Che sabes donde quedo mi notebook? ,C,2020-05-20 14:17
13,FALSE,Joaquina,Posta me decis?,G,2020-05-20 14:20
13,FALSE,Joaquina,Est√° en el caj√≥n del escritorio lo dejaste ahi ayer,G,2020-05-20 14:20
13,FALSE,Joaquina,Chab√≥n vos me est√°s jodiendo?,C,2020-05-22 19:16
13,FALSE,Joaquina,Que pasa,G,2020-05-22 19:21
13,FALSE,Joaquina,Vos sabes de lo que te hablo,C,2020-05-22 19:22
13,FALSE,Joaquina,No te hagas el boludo,C,2020-05-22 19:22
13,FALSE,Joaquina,No se de que hablas,G,2020-05-22 19:23
13,FALSE,Joaquina,Germ√°n me cont√≥ lo de Abril ,C,2020-05-22 19:24
13,FALSE,Joaquina,"Naa par√°, vos ven√≠s a agitarla y me echas la culpa a m√≠ sin saber nada? ",G,2020-05-22 19:26
13,FALSE,Joaquina,Esa mina inventa todo ,G,2020-05-22 19:26
13,FALSE,Joaquina,Est√° resentida porque se tir√≥ a la pileta y la rechac√©,G,2020-05-22 19:27
13,FALSE,Joaquina,"Yo soy tu novio, a qui√©n le vas a creer?",G,2020-05-22 19:27
13,FALSE,Joaquina,"Nono, te creo. S√≥lo quer√≠a saber qu√© pas√≥",C,2020-05-22 19:32
13,FALSE,Joaquina,No pas√≥ nada,G,2020-05-22 19:33
13,FALSE,Joaquina,Che ya compraste el regalo para lucas no?,G,2020-05-31 19:42
13,FALSE,Joaquina,Acordate que tenemos la llamada el mi√©rcoles,G,2020-05-31 19:42
13,FALSE,Joaquina,"Uhh, no me re olvid√©. Ya hab√≠a visto algo re lindo pero todav√≠a no lo compr√©",C,2020-05-31 19:46
13,FALSE,Joaquina,Ma√±ana si o si,C,2020-05-31 19:46
13,FALSE,Joaquina,No se te puede pedir nada,G,2020-05-31 19:51
13,FALSE,Joaquina,Dej√°. Lo compro yo,G,2020-05-31 19:52
13,FALSE,Joaquina,"Venite al sum, est√° re linda la noche",C,2020-06-01 21:40
13,FALSE,Joaquina,Cuando termine de stremear,G,2020-06-01 21:46
14,FALSE,Lucas,Chab√≥n estoy re viciado con el jueguito de futbol,G,2020-05-28 18:26
14,FALSE,Lucas,Me compre a la pulga y esta tremendo,G,2020-05-28 18:26
14,FALSE,Lucas,"JAJAJA, viste? yo te dije que era buenisimo",Lucas,2020-05-28 18:37
14,FALSE,Lucas,"Si boludo, la pr√≥xima que juguemos vas a ver lo roto que est√°",G,2020-05-28 18:40
14,FALSE,Lucas,"Che lucas, qu√© quer√©s para tu cumple?",G,2020-06-01 17:54
14,FALSE,Lucas,Cargame plata en el juego para comprarme al bicho,Lucas,2020-06-01 17:59
14,FALSE,Lucas,Te voy a mostrar lo que es el futbol champagne,Lucas,2020-06-01 18:00
14,FALSE,Lucas,"JAJAJA, no boludo, te quer√≠a regalar algo que no sea del juego",G,2020-06-01 18:16
14,FALSE,Lucas,"Y no se, yo quer√≠a eso, fijate vos sino",Lucas,2020-06-01 18:21
15,FALSE,German,"Che Mauro, estos d√≠as estuve probando una rutina que vi en internet",A,2020-05-05 12:35
15,FALSE,German,"Pero no se, no siento que este buena",A,2020-05-05 12:35
15,FALSE,German,"No chabon, las rutinas que est√°n en internet se caen a pedazos",G,2020-05-05 13:46
15,FALSE,German,Despu√©s te muestro una rutina piola,G,2020-05-05 13:46
15,FALSE,German,Es la que me dieron en el club,G,2020-05-05 13:47
15,FALSE,German,"Uh bueno man, dale de una",A,2020-05-05 13:49
15,FALSE,German,Hoy venis al gim?,G,2020-05-19 14:24
15,FALSE,German,"Sisi, a eso de las 4",A,2020-05-19 14:29
15,FALSE,German,"Ah piola, ahi nos vemos entonces",G,2020-05-19 14:35
15,FALSE,German,"Qu√© onda esta gente, andan todos re anti",G,2020-05-29 22:01
15,FALSE,German,"Si los veo muy bajon, voy a tratar de convencerlos para que se sumen",A,2020-05-29 22:06
15,FALSE,German,üí™üëç,G,2020-05-29 22:11
16,FALSE,Mam√°,Hola hijo como estas?,Mam√°,2020-05-02 11:40
16,FALSE,Mam√°,"Hola vieja, todo bien por aca ",G,2020-05-02 14:16
16,FALSE,Mam√°,Como estan ustedes?,G,2020-05-02 14:20
16,FALSE,Mam√°,"Que bueno hijo, nosotros tambi√©n estamos bien",Mam√°,2020-05-02 14:20
16,FALSE,Mam√°,"Ac√° Lucas dice que te extra√±a, ojala que dentro de poco podamos volver a vernos",Mam√°,2020-05-02 14:21
16,FALSE,Mam√°,"Si, ojal√° que s√≠",G,2020-05-02 14:23
16,FALSE,Mam√°,Hola! Mir√° que te mand√© un mail por el festejo de lucas,Mam√°,2020-05-29 13:32
16,FALSE,Mam√°,Acordate que es el mi√©rcoles a las 6 pm,Mam√°,2020-05-29 13:32
16,FALSE,Mam√°,"Si ma, te respondi el mail",G,2020-05-29 13:40
16,FALSE,Mam√°,"Ah bueno, es que yo no manejo mucho eso",Mam√°,2020-05-29 13:42
16,FALSE,Mam√°,No te preocupes que yo me acuerdo,G,2020-05-29 13:45
,TRUE,Nu√±ez F√∫tbol Club ü•Ö‚öΩ 2da Div,Che saben que va a pasar con esto de la pandemia?,Enzo,2020-03-18 15:36
,TRUE,Nu√±ez F√∫tbol Club ü•Ö‚öΩ 2da Div,Y esperemos que no hagan como en Europa que cierran todo,Roman,2020-03-18 15:41
,TRUE,Nu√±ez F√∫tbol Club ü•Ö‚öΩ 2da Div,"No chabon, me mato",Diego,2020-03-18 15:43
,TRUE,Nu√±ez F√∫tbol Club ü•Ö‚öΩ 2da Div,Tiene pinta que si chicos,Emiliano,2020-03-18 15:50
,TRUE,Nu√±ez F√∫tbol Club ü•Ö‚öΩ 2da Div,"Nooo, encima en casa no tengo espacio para hacer nada",G,2020-03-18 15:52
,TRUE,Nu√±ez F√∫tbol Club ü•Ö‚öΩ 2da Div,Chicos desde el club nos pidieron que inform√°ramos que las actividades se suspenden por dos semanas.,Guille dt,2020-03-18 20:10
,TRUE,Nu√±ez F√∫tbol Club ü•Ö‚öΩ 2da Div,Con esto de la cuarentena siento que corro media cuadra y ya no doy mas,Diego,2020-04-15 19:13
,TRUE,Nu√±ez F√∫tbol Club ü•Ö‚öΩ 2da Div,"Maal, me quiero matar",Emiliano,2020-04-15 19:15
,TRUE,Nu√±ez F√∫tbol Club ü•Ö‚öΩ 2da Div,Creo que todos estamos en la misma,Enzo,2020-04-15 19:16
,TRUE,Nu√±ez F√∫tbol Club ü•Ö‚öΩ 2da Div,"Jajaj, yo por suerte tengo ac√° un gimnasio re piola para entrenar üòéüí™",G,2020-04-15 19:21
,TRUE,Nu√±ez F√∫tbol Club ü•Ö‚öΩ 2da Div,"Y bueno, hay que cuidarse muchachos",Guille dt,2020-04-15 19:19
,TRUE,Nu√±ez F√∫tbol Club ü•Ö‚öΩ 2da Div,Andate a cagar gil,Diego,2020-04-15 19:23
,TRUE,Nu√±ez F√∫tbol Club ü•Ö‚öΩ 2da Div,Fuaa el diego,Roman,2020-04-15 19:24
,TRUE,Nu√±ez F√∫tbol Club ü•Ö‚öΩ 2da Div,JAJAJA,Enzo,2020-04-15 19:24
,TRUE,Nu√±ez F√∫tbol Club ü•Ö‚öΩ 2da Div,"Se los extra√±a banda chicos/wachos, como andan?",G,2020-05-25 13:56
,TRUE,Nu√±ez F√∫tbol Club ü•Ö‚öΩ 2da Div,Cansado de estar encerrado necesito una jodaa,Roman,2020-05-25 13:59
,TRUE,Nu√±ez F√∫tbol Club ü•Ö‚öΩ 2da Div,Jajaj +1,Emiliano,2020-05-25 14:07
,TRUE,Nu√±ez F√∫tbol Club ü•Ö‚öΩ 2da Div,x2 sale esa clande,Enzo,2020-05-25 14:08
,TRUE,Nu√±ez F√∫tbol Club ü•Ö‚öΩ 2da Div,"Chicos no sean boludos, hay que cuidarse",Guille dt,2020-05-25 14:11
,TRUE,Nu√±ez F√∫tbol Club ü•Ö‚öΩ 2da Div,"Sisi ya se guille ajaj, era un chiste nomas",Enzo,2020-05-25 14:13
,TRUE,Nu√±ez F√∫tbol Club ü•Ö‚öΩ 2da Div,"Jaja, tranqui que ya falta poco",Diego,2020-05-25 14:15
,TRUE,Nu√±ez F√∫tbol Club ü•Ö‚öΩ 2da Div,"Seee, apenas se pueda hay que juntarnos a rancharüî•",G,2020-05-25 14:19
,TRUE,Nu√±ez F√∫tbol Club ü•Ö‚öΩ 2da Div,De unaa,Enzo,2020-05-25 14:22
,FALSE,Ezequiel,Che salen unas pizzas para la juntada Eze?,G,2020-05-01 18:13
,FALSE,Ezequiel,"Ahh dale de una, las hago potentes",E,2020-05-01 18:16
,FALSE,Ezequiel,Jajaj ,G,2020-05-01 18:17
,FALSE,Ezequiel,"Che Eze me siento un poco mal, podes cocinarme algo liviano?",G,2020-05-10 11:45
,FALSE,Ezequiel,Uh te sentis mal de la panza?,E,2020-05-10 11:48
,FALSE,Ezequiel,Dale te puedo preparar un poco de arroz con pollo,E,2020-05-10 11:49
,FALSE,Ezequiel,"Sisi dale, ayer comi  3 hamburguesas y me cayo re mal",G,2020-05-10 12:03
,FALSE,Ezequiel,Che compraste las cosas para la joda de ma√±ana?,G,2020-05-22 17:26
,FALSE,Ezequiel,"Si, pero compre menos que la otra vez ",E,2020-05-22 17:32
,FALSE,Ezequiel,Se bajaron muchos y despu√©s sobra la mitad ,E,2020-05-22 17:32
,FALSE,Ezequiel,"Uhh, bueno dale",G,2020-05-22 17:35
,TRUE,Grupo Parcial Qu√≠mica,"Hola, cree este grupo as√≠ arrancamos con el parcial",Nico,2020-05-21 16:31
,TRUE,Grupo Parcial Qu√≠mica,"Genial, una paja leer los mails jaja ",Pilar,2020-05-21 16:33
,TRUE,Grupo Parcial Qu√≠mica,Buen√≠simo ,H,2020-05-21 16:35
,TRUE,Grupo Parcial Qu√≠mica,Estuve viendo parciales anteriores y son 2 ejercicios y 4 de multiple choice,Nico,2020-05-21 16:36
,TRUE,Grupo Parcial Qu√≠mica,Uh bueno los choice seguro son de teor√≠a as√≠ que hay que estudiar eso tambi√©n,H,2020-05-21 16:38
,TRUE,Grupo Parcial Qu√≠mica,Grande nico!!,Pilar,2020-05-21 16:41
,TRUE,Grupo Parcial Qu√≠mica,Chicos ya vieron las consignas? ,Pilar,2020-05-25 19:14
,TRUE,Grupo Parcial Qu√≠mica,Dividamoslas. Les parece si yo hago los dos ejercicios?,Nico,2020-05-25 19:16
,TRUE,Grupo Parcial Qu√≠mica,"Bueno dale, yo hago las 2 primeras del choice",H,2020-05-25 19:17
,TRUE,Grupo Parcial Qu√≠mica,"Dale, yo hago las √∫ltimas dos entonces",Pilar,2020-05-25 19:20
,TRUE,Grupo Parcial Qu√≠mica,Joyaaa,Nico,2020-05-25 19:21
,TRUE,Grupo Parcial Qu√≠mica,Che ya revis√© el parcial. Para m√≠ ya est√°. Lo mando? ,Pilar,2020-05-31 23:45
,TRUE,Grupo Parcial Qu√≠mica,De unaa,Nico,2020-05-31 23:47
,TRUE,Grupo Parcial Qu√≠mica,Dalee,H,2020-05-31 23:48
,TRUE,Grupo Parcial Qu√≠mica,"Listo, enviadooo",Pilar,2020-05-31 23:52
,TRUE,Grupo Parcial Qu√≠mica,AL FIN!! a dormir,H,2020-05-31 23:56
,FALSE,Facundo,Che no me pasas el link para la clase de hoy?,Facundo,2020-05-10 18:24
,FALSE,Facundo,link.com/knd/1284,H,2020-05-10 18:30
,FALSE,Facundo,Graciassss,Facundo,2020-05-10 18:32
,FALSE,Facundo,Che vos est√°s cursando fisiolog√≠a animal?,Facundo,2020-05-31 12:51
,FALSE,Facundo,"Hola, todav√≠a no. La voy a hacer el cuatri que viene",H,2020-05-31 12:52
,FALSE,Facundo,"Uh, no sabes de alguien que tenga res√∫menes?",Facundo,2020-05-31 12:56
,FALSE,Facundo,Fijate en el campus que a veces ponen apuntes,H,2020-05-31 12:59
,FALSE,Facundo,"Dale ahi me fijo, gracias",Facundo,2020-05-31 13:03
,FALSE,Joaquina,Che pueden bajarle a la m√∫sica?,H,2020-05-11 19:36
,FALSE,Joaquina,Estoy cursando,H,2020-05-11 19:36
,FALSE,Joaquina,Pero si no est√° tan fuerte,C,2020-05-11 19:43
,FALSE,Joaquina,Igual se escucha,H,2020-05-11 19:46
,FALSE,Joaquina,Ok,C,2020-05-11 19:54
,FALSE,Joaquina,Boluda dej√° de inventar cosas de la gente,C,2020-05-23 20:23
,FALSE,Joaquina,Inventar qu√©?,H,2020-05-23 20:25
,FALSE,Joaquina,"No te hagas la inocente, siempre hablando de las personas a su espalda",C,2020-05-23 20:26
,FALSE,Joaquina,Encima que te invitamos a vivir aca solo viniste a armar bardo,C,2020-05-23 20:26
,FALSE,Sandra,"Hola hija, c√≥mo est√°s? ",Sandra,2020-05-23 17:31
,FALSE,Sandra,Hola ma,H,2020-05-23 17:35
,FALSE,Sandra,"Bien, estudiando mucho para los parciales",H,2020-05-23 17:35
,FALSE,Sandra,Que bueno hija ,Sandra,2020-05-23 17:42
,FALSE,Sandra,Segu√≠ esforzandote,Sandra,2020-05-23 17:43
,FALSE,Sandra,"Sisi, ya falta poco",H,2020-05-23 18:03
,FALSE,Sandra,Y c√≥mo va la b√∫squeda de departamento?,Sandra,2020-05-23 18:09
,FALSE,Sandra,"Bien, con leo fuimos a ver unos cuantos",H,2020-05-23 18:13
,FALSE,Sandra,"Nos gusto uno, as√≠ que posiblemente lo reservemos en estos d√≠as",H,2020-05-23 18:13
,FALSE,Sandra,Qu√© bien! Andame avisando y mandame fotos despu√©s,Sandra,2020-05-23 18:15
,FALSE,Sandra,Jaja dale ,H,2020-05-23 18:19
,TRUE,Las carpinchas,Che vieron que van a renovar la cuarentena?,Candela,2020-04-19 14:21
,TRUE,Las carpinchas,"Sii, no se c√≥mo voy a hacer ac√° encerrada con mis hermanas",Brenda,2020-04-19 14:23
,TRUE,Las carpinchas,"Yo por suerte estoy en lo de mi hermano, que all√° es m√°s tranquilo",H,2020-04-19 14:26
,TRUE,Las carpinchas,"Uf que suerte tenes, yo no s√© c√≥mo voy a hacer ",Candela,2020-04-19 14:27
,TRUE,Las carpinchas,Chicas qu√© cuentan? Qu√© onda la facu?,Brenda,2020-05-21 18:34
,TRUE,Las carpinchas,"Holaa, bienn. Estoy con un mont√≥n de entregas, ustedes qu√© onda? ",Candela,2020-05-21 18:36
,TRUE,Las carpinchas,"Yo estoy cursando qu√≠mica, no entiendo nadaüò≠üò≠",H,2020-05-21 18:37
,TRUE,Las carpinchas,Uhh que paja,Brenda,2020-05-21 18:39
,TRUE,Las carpinchas,Yo me la llev√© en la secundaria ,Brenda,2020-05-21 18:46
,TRUE,Las carpinchas,"Si yo tambi√©n, espero no verla nunca m√°s",Candela,2020-05-21 18:47
,FALSE,German,Che Abril te olvidaste tu botella en el gimnasio,A,2020-05-10 18:10
,FALSE,German,Te la dejo en la cocina,A,2020-05-10 18:10
,FALSE,German,"Uh dale gracias, la estaba buscando",H,2020-05-10 18:12
,FALSE,German,C√≥mo est√°s Abril? todo bien?,A,2020-05-20 15:31
,FALSE,German,"Bien, ac√° andamos",H,2020-05-20 15:32
,FALSE,German,"Me dijo Leo que se quieren ir, que pasa?",A,2020-05-20 15:38
,FALSE,German,"Si, es que me siento incomoda con toda la situaci√≥n en esta casa",H,2020-05-20 15:40
,FALSE,German,Yo s√≥lo le dije a leo que me quer√≠a mudar y √©l quiso venir conmigo,H,2020-05-20 15:40
,FALSE,German,Pero por qu√©? Lo pensaron bien?,A,2020-05-20 15:42
,FALSE,German,No me digas que es por la boludes con Mauro?,A,2020-05-20 16:00
,FALSE,German,Sabes la cantidad de tipos que se me tiraron el lance en una fiesta??,A,2020-05-20 16:13
,FALSE,German,Pasa siempre cuando est√°s en una joda,A,2020-05-20 16:13
,FALSE,German,Te das cuenta que le est√°s arruinando la carrera a tu hermano?,A,2020-05-21 16:30
,FALSE,German,Para un poco. C√≥mo que yo le estoy arruinando la carrera??,H,2020-05-20 16:33
,FALSE,German,Yo no hice nada,H,2020-05-20 16:33
,FALSE,German,La culpa es de Mauro ac√°,H,2020-05-20 16:34
,FALSE,German,"Solo estaba un poco borracho, no podes hacer tanto escandalo por esto",G,2020-05-20 16:39
,FALSE,German,"Si todo esto sale a la luz va a perjudicar mucho al equipo, equipo que tu hermano fund√≥ y del que a√∫n forma parte",G,2020-05-20 16:40
,FALSE,German,"Lo obligas a dejar algo que le cost√≥ tanto trabajo y esfuerzo. Solo pensas en vos, √©l te invit√≥ a la casa para que pudieras estudiar m√°s c√≥moda y le arruinaste la vida",G,2020-05-20 16:40
,FALSE,German,Es horrible lo que est√°s diciendo,H,2020-05-20 16:43
,FALSE,German,"Pero pensalo bien, Mauro se equivoc√≥ pero ya aprendi√≥. Lo solucionamos, ya pas√≥ y el equipo puede seguir adelante no te parece?",G,2020-05-20 16:45
,FALSE,German,"Y le haces un re favor a tu hermano, √©l no quer√≠a nada m√°s en el mundo que ver a su equipo triunfar y vos lo estas alejando de esto, te das cuenta?",G,2020-05-20 16:46
,FALSE,German,Mauro ser√° un boludo pero vos vas a dejar que Leonel pierda todo su futuro por esta boludez?,G,2020-05-20 16:47
,FALSE,Municipalidad,... lo voy a pensar,H,2020-05-20 16:50
,FALSE,Municipalidad,Violencia de g√©nero,H,2020-05-20 16:23
,FALSE,Municipalidad,"Hola, soy el robot de la Municipalidad.
Si sos v√≠ctima de violencia por razones de g√©nero, no est√°s sola. 
En el Municipio te brindamos asesoramiento integral confidencial y gratuito. 
Tenemos distintas opciones:
A. Chat Asesor√≠as de G√©nero.
B. Tipos de violencia.
C. Centros Integrales de la Mujer en tu barrio.
D. Hogares y refugios.
E. Hacer denuncia.
F. Diversidades.
G. 3 de Junio.",Municipalidad,2020-05-20 16:23
,FALSE,Municipalidad,B,H,2020-05-20 16:25
,FALSE,Municipalidad,"Tipos de violencia:
A. Acoso callejero.
B.Violencia econ√≥mica.
C. Violencia f√≠sica/agresi√≥n.
D. Discriminaci√≥n social, educativa o laboral por razones de g√©nero.
E. Abusos, tratos degradantes y/o acoso.
F. Privaci√≥n de libertad y/o limitaci√≥n de la libertad de movimientos. 
G. Limitaci√≥n en el desarrollo personal o intelectual.
",Municipalidad,2020-05-20 16:25
,FALSE,Municipalidad,E,H,2020-05-20 16:31
,FALSE,Municipalidad,"Si sufr√≠s violencia por razones de g√©nero o conoces a alguien que la padece, podes hacer tu denuncia por muchos medios, de manera completamente segura y con acompa√±amiento/asesoramiento personalizado.
A. C√≥mo denuncio
B. Denunciar ahora
C. Hablar con un/a asesor/a
",Municipalidad,2020-05-20 16:31
,FALSE,Municipalidad,A,H,2020-05-20 16:33
,FALSE,Municipalidad,"Para hacer tu denuncia vas a necesitar: tu nombre y apellido, DNI, domicilio, tel√©fono, fecha de nacimiento y mail. 
Hola soy Daniela, asesora de g√©nero del MunicipioüôãüèΩ‚Äç‚ôÄÔ∏è. 
Por este canal de atenci√≥n se te brindar√° la informaci√≥n, contenci√≥n y el asesoramiento que necesites. Record√° que este es un espacio seguro, todo lo que digas es confidencial y privado.
Contame, ¬øc√≥mo puedo ayudarte? 
",Municipalidad,2020-05-20 16:33
,,,,,
,FALSE,Kevin,Che te lleg√≥ un paquete,E,2020-05-19 20:23
,FALSE,Kevin,Dale gracias ,D,2020-05-19 20:26
,FALSE,Kevin,Trata de estar atento al timbre cuando ped√≠s cosas,E,2020-05-19 20:28
,FALSE,Kevin,Si disculpa,D,2020-05-19 20:30
,FALSE,Kevin,Che Eze c√≥mo andas?,D,2020-05-24 19:41
,FALSE,Kevin,Acabo de hacer una compra en d√≥lares y el banco me pide que lo verifique ,D,2020-05-24 19:41
,FALSE,Kevin,"Uff si, est√°n re molestos con ese tema los del banco ",E,2020-05-24 19:45
,FALSE,Kevin,Bueno ahora paso y te ayudo,E,2020-05-24 19:46
,FALSE,Kevin,Che boludo,E,2020-06-01 21:52
,FALSE,Kevin,Si vas a pedir comida avisame,E,2020-06-01 21:52
,FALSE,Kevin,"Uh si perdon√°, me colgu√© en una partida",D,2020-06-01 21:53
,FALSE,Nathan,"Che ya est√° su comida, se est√° enfriando",E,2020-05-03 21:06
,FALSE,Nathan,Alguna vez podr√≠an aunque sea poner la mesa no?,E,2020-05-03 21:06
,FALSE,Nathan,"Ah, es que nos enganchamos con Germi viendo una serie",F,2020-05-03 23:29
,FALSE,Nathan,"Si boludo, pero avisen. As√≠ no cocino de m√°s",E,2020-05-03 23:35
,FALSE,Nathan,"Es la tercera vez en la semana ya, despu√©s termino tirando todo a la basura",E,2020-05-03 23:35
,FALSE,Nathan,"Bueno calmate, no es para tanto",F,2020-05-03 23:38
,FALSE,Nathan,Che qu√© onda? No hay nada para cenar hoy?,F,2020-05-11 23:12
,FALSE,Nathan,"Ustedes saben que la cena a las 9, como no bajaron se los di a los chicos para que repitieran",E,2020-05-11 23:15
,FALSE,Nathan,"No cocino m√°s para ustedes, arreglense",E,2020-05-11 23:16
,FALSE,Nathan,Tan dram√°tico vas a ser?,F,2020-05-11 23:18
,FALSE,Nathan,Che ya es tarde pueden bajar un poco el tono?,E,2020-05-29 23:24
,FALSE,Nathan,Hace dos horas est√°n discutiendo,E,2020-05-29 23:25
,FALSE,Nathan,No entiendo para qu√© siguen juntos si no paran de pelear no se dan cuenta que son dos t√≥xicos?,E,2020-05-29 23:25
,FALSE,Nathan,Desde cu√°ndo te preocupan nuestros problemas?,F,2020-05-29 23:26
,FALSE,Nathan,"A mi no me importan, solo que estan re insoportables ustedes",E,2020-05-29 23:27
,FALSE,Nathan,Todo el dia peleando,E,2020-05-29 23:27
,FALSE,Nathan,"Nada que ver, no peleamos casi",F,2020-05-29 23:29
,FALSE,Nathan,"Vos no sabes nada de nosotros, no sos mi amigo, ni el de Germi as√≠ que no te metas",F,2020-05-29 23:29
,FALSE,Nathan,"Si, ya los veo que est√°n re bien ustedes dos",E,2020-05-29 23:32
,FALSE,Nathan,Qu√© es esto?,F,2020-05-29 23:34
,FALSE,Nathan,No reconoces a tu Germi?,E,2020-05-29 23:35
,FALSE,Nathan,Encima te haces el piola,F,2020-05-29 23:37
,FALSE,Nathan,Son una mierda,F,2020-05-29 23:37
,FALSE,Nathan,"Matense los dos, forros",F,2020-05-29 23:38
,FALSE,Nathan,German me dijo que lo mejor era no decirte nada,E,2020-05-29 23:46
,FALSE,Nathan,"A mi me daba igual, as√≠ que reclamale a √©l",E,2020-05-29 23:47
,FALSE,Notas trabajo,"Cuenta Banco Bs As
Leonel √Ålvarez
CBU: 011 3215 ------
Contrase√±a: 0101 | 0111 | 0011 | 0001
",E,2020-03-13 13:08
,FALSE,Notas trabajo,"Cuenta Banco Bs As
Kevin Lorenzo Silva
CBU: 034 6982 ------
Contrase√±a: 458216179280
",E,2020-03-13 16:32
,FALSE,Notas trabajo,"Generar pago para ingresos brutos
Juan Carlos
N¬∫ de afiliado: 16854--
",E,2020-05-25 18:20
,FALSE,Notas trabajo,"Generar monotributo
Hern√°n Rodriguez 
N¬∫ de afiliado: 13513--
",E,2020-05-28 19:01
,TRUE,Grupo de lectura,"Buenas, c√≥mo vienen con la lectura?",Ignacio,2020-05-04 18:19
,TRUE,Grupo de lectura,"Maso, semana complicada. Ustedes?",Andrea,2020-05-04 18:21
,TRUE,Grupo de lectura,"Holaa, re bien. Me lo morf√©",Oscar,2020-05-04 18:26
,TRUE,Grupo de lectura,"Muy bueno, me faltan 2 capitulos",E,2020-05-04 18:31
,TRUE,Grupo de lectura,Va a estar interesante para analizar ,Carolina,2020-05-04 19:11
,TRUE,Grupo de lectura,Chicos les paso el link para la reuni√≥n de hoy https://calldroid.com/wqm-vzac-sgm,Ignacio,2020-05-15 17:21
,TRUE,Grupo de lectura,üëç,E,2020-05-15 17:22
,TRUE,Grupo de lectura,"Che ya estamos, entren los que faltan",Carolina,2020-05-15 19:06
,TRUE,Grupo de lectura,Re linda la reuni√≥n de hoy!,Ignacio,2020-05-15 20:33
,TRUE,Grupo de lectura,Muy bueno tormenta de sombras,Oscar,2020-05-15 20:35
,TRUE,Grupo de lectura,"Vieron, el pr√≥ximo libro va a ser Las bestias de jade",Andrea,2020-05-15 20:39
,TRUE,Grupo de lectura,Y cu√°ndo leemos la Escuela de magos?,E,2020-05-15 20:41
,TRUE,Grupo de lectura,A mi me encanta ,E,2020-05-15 20:41
,TRUE,Grupo de lectura,Jaja lo ponemos en la lista ,Ignacio,2020-05-15 20:44
,TRUE,Grupo de lectura,"Bueno, nos encontramos el 15 de Junio, usemos el mismo link",Carolina,2020-05-15 20:45
,TRUE,Grupo de lectura,"Dalee, nos vemos",E,2020-05-15 20:48
,FALSE,German,Che Ger escuch√© que vas a invitar a Nathan a pasar la cuarentena ac√°,E,2020-03-19 14:11
,FALSE,German,"Si, el me pidio si se podia mudar aca y no le podia decir que no",A,2020-03-19 14:13
,FALSE,German,Pero c√≥mo vamos a hacer con lo nuestro?,E,2020-03-19 14:16
,FALSE,German,"La verdad es que es todo muy repentino, dame un mes para ver c√≥mo me acomodo y hablamos bien como seguimos",A,2020-03-19 14:19
,FALSE,German,"Bueno, entiendo",E,2020-03-19 14:20
,FALSE,German,Te quiero,E,2020-03-19 14:20
,FALSE,German,Che te hablaba para saber c√≥mo andas porque te extra√±o,E,2020-04-06 22:36
,FALSE,German,Que nos tomemos un tiempo no significa que me dejes de importar,E,2020-04-06 22:36
,FALSE,German,"No boludo, te ped√≠ tiempo porque necesito poner mi cabeza en orden pero si me lo preguntas al d√≠a de hoy quiero arreglar mi relaci√≥n con √©l
Siento que fue una buena idea que nos mudemos juntos este tiempo me hizo darme cuenta de esto",A,2020-04-06 22:49
,FALSE,German,"Pero par√°, s√≥lo pas√≥ una semana. S√≥lo por eso vas a tirar algo tan importante como lo nuestro a la basura?",E,2020-04-06 22:51
,FALSE,German,"Imaginate si esto lo llega a leer Nathan, el quilombo que se nos arma",A,2020-04-06 22:53
,FALSE,German,Te pido que no hablemos m√°s hasta que termine de tomar mi decisi√≥n,A,2020-04-06 22:53
,FALSE,German,Bueno pero te pido por favor que en estos d√≠as recuerdes todo lo que pasamos juntos,E,2020-04-06 22:55